FullName,Assists,Goals,Role,Total Contributions
Aaron Ramsey,0,0,midfielders,0
Adam Hložek,0,0,forwards,0
Adama Traoré,0,0,midfielders,0
Admir Mehmedi,0,0,forwards,0
Adrien Rabiot,0,0,midfielders,0
Albin Ekdal,0,0,midfielders,0
Aleksandar Dragovic,0,0,defenders,0
Aleksandar Trajkovski,0,0,forwards,0
Aleksandr Golovin,0,0,midfielders,0
Aleksandr Sobolev,0,0,forwards,0
Aleksei Miranchuk,0,1,midfielders,1
Alessandro Bastoni,0,0,defenders,0
Alessandro Florenzi,0,0,defenders,0
Alessandro Schöpf,0,0,midfielders,0
Alex Král,0,0,midfielders,0
Alexander Isak,1,0,forwards,1
Andrea Belotti,0,0,forwards,0
Andreas Christensen,0,1,defenders,1
Andreas Cornelius,1,0,forwards,1
Andreas Olsen,0,0,forwards,0
Andreas Ulmer,0,0,defenders,0
Andrei Semenov,0,0,defenders,0
Andrej Kramaric,1,0,forwards,1
Andriy Yarmolenko,2,2,forwards,4
András Schäfer,0,1,midfielders,1
Andy Robertson,0,0,defenders,0
Ante Budimir,0,0,forwards,0
Ante Rebic,0,0,forwards,0
Antoine Griezmann,1,1,forwards,2
Anton Shunin,0,0,goalkeepers,0
Antonio Rüdiger,0,0,defenders,0
Antonín Barák,0,0,midfielders,0
Arijan Ademi,0,0,midfielders,0
Artem Besedin,0,0,forwards,0
Artem Dovbyk,0,1,forwards,1
Artem Dzyuba,0,1,forwards,1
Attila Fiola,0,1,defenders,1
Attila Szalai,0,0,defenders,0
Axel Witsel,0,0,midfielders,0
Aymeric Laporte,0,1,defenders,1
Bartosz Bereszynski,0,0,defenders,0
Ben Davies,0,0,defenders,0
Benjamin Pavard,0,0,defenders,0
Billy Gilmour,0,0,midfielders,0
Boban Nikolov,0,0,midfielders,0
Borna Barišic,0,0,defenders,0
Breel Embolo,0,1,forwards,1
Bruno Petkovic,0,0,forwards,0
Bryan Cristante,0,0,midfielders,0
Bukayo Saka,1,0,midfielders,1
Callum McGregor,0,1,midfielders,1
Chris Gunter,0,0,defenders,0
Chris Mepham,0,0,defenders,0
Christian Benteke,0,0,forwards,0
Christian Eriksen,0,0,midfielders,0
Christian Fassnacht,0,0,midfielders,0
Christian Nørgaard,0,0,midfielders,0
Christoph Baumgartner,0,1,midfielders,1
Christopher Trimmel,0,0,midfielders,0
Ché Adams,0,0,forwards,0
Ciro Immobile,1,2,forwards,3
Clément Lenglet,0,0,defenders,0
Cody Gakpo,0,0,forwards,0
Connor Roberts,0,0,defenders,0
Corentin Tolisso,0,0,midfielders,0
Cristiano Ronaldo,1,5,forwards,6
César Azpilicueta,0,1,defenders,1
Daler Kuzyaev,0,0,midfielders,0
Daley Blind,0,0,defenders,0
Dani Olmo,3,0,midfielders,3
Daniel Avramovski,0,0,forwards,0
Daniel Bachmann,0,0,goalkeepers,0
Daniel James,0,0,midfielders,0
Daniel O'Shaughnessy,0,0,defenders,0
Daniel Wass,0,0,midfielders,0
Danny Ward,0,0,goalkeepers,0
Darko Churlinov,0,0,midfielders,0
Darko Velkoski,0,0,defenders,0
David Alaba,2,0,defenders,2
David Brooks,0,0,midfielders,0
David Marshall,0,0,goalkeepers,0
Declan Rice,0,0,midfielders,0
Dedryck Boyata,0,0,defenders,0
Dejan Kulusevski,2,0,midfielders,2
Dejan Lovren,0,0,defenders,0
Denis Cheryshev,0,0,midfielders,0
Denis Zakaria,0,0,midfielders,0
Dennis Praet,0,0,midfielders,0
Denzel Dumfries,0,2,defenders,2
Diogo Dalot,0,0,defenders,0
Djibril Sow,0,0,midfielders,0
Dmitri Barinov,0,0,midfielders,0
Domagoj Vida,0,0,defenders,0
Domenico Berardi,2,0,forwards,2
Dominic Calvert-Lewin,0,0,forwards,0
Dominik Livakovic,0,0,goalkeepers,0
Donyell Malen,2,0,forwards,2
Dries Mertens,1,0,forwards,1
Duje Caleta-Car,0,0,defenders,0
Dylan Levitt,0,0,midfielders,0
Dávid Hancko,0,0,defenders,0
Dávid Sigér,0,0,midfielders,0
Eden Hazard,1,0,midfielders,1
Eduard Sobol,0,0,defenders,0
Egzon Bejtulai,0,0,defenders,0
Eljif Elmas,0,0,midfielders,0
Emil Forsberg,0,4,midfielders,4
Emil Krafth,0,0,defenders,0
Emre Can,0,0,midfielders,0
Endre Botka,0,0,defenders,0
Enis Bardi,0,0,midfielders,0
Ethan Ampadu,0,0,defenders,0
Ezgjan Alioski,0,1,midfielders,1
Fabian Schär,0,0,defenders,0
Federico Bernardeschi,0,0,midfielders,0
Federico Chiesa,0,2,midfielders,2
Fedor Kudryashov,0,0,defenders,0
Ferhan Hasani,0,0,midfielders,0
Filip Helander,0,0,defenders,0
Florian Grillitsch,0,0,midfielders,0
Francesco Acerbi,1,0,defenders,1
Fredrik Jensen,0,0,midfielders,0
Frenkie de Jong,0,0,midfielders,0
Gaetano Castrovilli,0,0,midfielders,0
Gareth Bale,0,0,forwards,0
Georgi Dzhikiya,0,0,defenders,0
Georginio Wijnaldum,0,3,midfielders,3
Georgiy Bushchan,0,0,goalkeepers,0
Gergo Lovrencsics,0,0,defenders,0
Giacomo Raspadori,0,0,forwards,0
Gianluigi Donnarumma,0,0,goalkeepers,0
Giorgio Chiellini,0,0,defenders,0
Giovanni Di Lorenzo,0,0,defenders,0
Glen Kamara,0,0,midfielders,0
Goran Pandev,0,1,forwards,1
Granit Xhaka,1,0,midfielders,1
Grant Hanley,0,0,defenders,0
Grzegorz Krychowiak,0,0,midfielders,0
Gustav Svensson,0,0,midfielders,0
Hans Vanaken,0,0,midfielders,0
Haris Seferovic,0,3,forwards,3
Harry Kane,0,4,forwards,4
Harry Maguire,0,1,defenders,1
Harry Wilson,0,0,midfielders,0
Hugo Lloris,0,0,goalkeepers,0
Igor Diveev,0,0,defenders,0
Ilkay Gündogan,0,0,midfielders,0
Illia Zabarnyi,0,0,defenders,0
Ivan Perišic,1,2,midfielders,3
Ivan Trickovski,0,0,forwards,0
Jack Grealish,2,0,midfielders,2
Jack Hendry,0,0,defenders,0
Jadon Sancho,0,0,midfielders,0
Jakub Brabec,0,0,defenders,0
Jakub Hromada,0,0,midfielders,0
Jakub Jankto,0,0,midfielders,0
Jakub Moder,0,0,midfielders,0
Jakub Swierczok,0,0,forwards,0
Jamal Musiala,0,0,midfielders,0
James Forrest,0,0,midfielders,0
Jan Bednarek,0,0,defenders,0
Jan Boril,0,0,defenders,0
Jan Vertonghen,0,0,defenders,0
Jannik Vestergaard,0,0,defenders,0
Jason Denayer,0,0,defenders,0
Jens Stryger,1,0,defenders,1
Jens-Lys Cajuste,0,0,midfielders,0
Jere Uronen,1,0,defenders,1
Jeremy Doku,0,0,forwards,0
Joachim Andersen,0,0,defenders,0
Joakim Mæhle,1,2,defenders,3
Joe Allen,0,0,midfielders,0
Joe Morrell,1,0,midfielders,1
Joe Rodon,0,0,defenders,0
Joel Pohjanpalo,0,1,forwards,1
John McGinn,0,0,midfielders,0
John Stones,0,0,defenders,0
Jonas Wind,0,0,forwards,0
Joni Kauko,0,0,midfielders,0
Joona Toivio,0,0,midfielders,0
Jordan Henderson,0,1,midfielders,1
Jordan Pickford,0,0,goalkeepers,0
Joshua Kimmich,2,0,defenders,2
Josip Brekalo,0,0,forwards,0
Josip Juranovic,0,0,defenders,0
José Gayà,1,0,defenders,1
Joël Veltman,0,0,defenders,0
Joško Gvardiol,0,0,defenders,0
Jude Bellingham,0,0,midfielders,0
Jukka Raitala,0,0,defenders,0
Jules Koundé,0,0,defenders,0
Julian Baumgartlinger,0,0,midfielders,0
Juraj Kucka,0,0,midfielders,0
Jurriën Timber,0,0,midfielders,0
Ján Greguš,0,0,midfielders,0
Kacper Kozlowski,0,0,midfielders,0
Kai Havertz,0,2,forwards,2
Kalvin Phillips,1,0,midfielders,1
Kamil Glik,0,0,defenders,0
Kamil Józwiak,1,0,midfielders,1
Karim Benzema,0,4,forwards,4
Karim Onisiwo,0,0,midfielders,0
Karol Linetty,0,1,midfielders,1
Karol Swiderski,0,0,forwards,0
Kasper Dolberg,0,3,forwards,3
Kasper Schmeichel,0,0,goalkeepers,0
Kevin De Bruyne,2,1,midfielders,3
Kevin Mbabu,1,0,defenders,1
Kevin Nisbet,0,0,forwards,0
Kevin Varga,0,0,midfielders,0
Kevin Volland,0,0,forwards,0
Kieffer Moore,0,1,forwards,1
Kieran Tierney,0,0,defenders,0
Kieran Trippier,1,0,defenders,1
Kingsley Coman,0,0,midfielders,0
Kire Ristevski,0,0,defenders,0
Konrad Laimer,1,0,midfielders,1
Kristoffer Olsson,0,0,midfielders,0
Kyle Walker,0,0,defenders,0
Kylian Mbappé,1,0,forwards,1
Lassi Lappalainen,0,0,forwards,0
Leander Dendoncker,0,0,midfielders,0
Leandro Trossard,0,0,forwards,0
Leo Väisänen,0,0,defenders,0
Leon Goretzka,0,1,midfielders,1
Leonardo Bonucci,0,1,defenders,1
Leonardo Spinazzola,2,0,defenders,2
Leroy Sané,0,0,midfielders,0
Liam Cooper,0,0,defenders,0
Lorenzo Insigne,0,2,forwards,2
Loris Benito,0,0,defenders,0
Louis Schaub,1,0,midfielders,1
Loïc Négo,0,0,defenders,0
Lubomír Šatka,0,0,defenders,0
Lucas Digne,0,0,defenders,0
Lucas Hernandez,1,0,defenders,1
Ludwig Augustinsson,0,0,defenders,0
Luka Ivanušec,0,0,midfielders,0
Luka Modric,1,1,midfielders,2
Lukas Hradecky,0,0,goalkeepers,0
Luke Shaw,3,1,defenders,4
Lukáš Haraslín,0,0,midfielders,0
Lukáš Masopust,0,0,midfielders,0
Luuk de Jong,0,0,forwards,0
Lyndon Dykes,0,0,forwards,0
László Bénes,0,0,midfielders,0
László Kleinheisler,0,0,midfielders,0
Maarten Stekelenburg,0,0,goalkeepers,0
Maciej Rybus,1,0,defenders,1
Magomed Ozdoev,0,0,midfielders,0
Maksim Mukhin,0,0,midfielders,0
Manuel Akanji,0,0,defenders,0
Manuel Locatelli,0,2,midfielders,2
Manuel Neuer,0,0,goalkeepers,0
Marcel Halstenberg,0,0,defenders,0
Marcel Sabitzer,1,0,midfielders,1
Marcelo Brozovic,0,0,midfielders,0
Marco Verratti,3,0,midfielders,3
Marcos Llorente,0,0,midfielders,0
Marcus Berg,0,0,forwards,0
Marcus Danielson,0,0,defenders,0
Marcus Forss,0,0,forwards,0
Marcus Rashford,0,0,forwards,0
Marcus Thuram,0,0,forwards,0
Marek Hamšík,1,0,midfielders,1
Mario Gavranovic,0,1,forwards,1
Mario Pašalic,0,1,midfielders,1
Marko Arnautovic,0,1,forwards,1
Marten de Roon,0,0,midfielders,0
Martin Braithwaite,0,1,forwards,1
Martin Dúbravka,0,0,goalkeepers,0
Martin Hinteregger,0,0,defenders,0
Martin Koscelník,0,0,defenders,0
Mason Mount,1,0,midfielders,1
Matej Vydra,0,0,forwards,0
Mateo Kovacic,1,0,midfielders,1
Mateusz Klich,0,0,midfielders,0
Mathias Jensen,1,0,midfielders,1
Mats Hummels,1,0,defenders,1
Matteo Pessina,0,2,midfielders,2
Matthias Ginter,0,0,defenders,0
Matthijs de Ligt,0,0,defenders,0
Matvei Safonov,0,0,goalkeepers,0
Memphis Depay,2,2,forwards,4
Michael Gregoritsch,0,1,forwards,1
Michael Krmencík,0,0,forwards,0
Michal Duriš,0,0,forwards,0
Michal Sadílek,0,0,midfielders,0
Michy Batshuayi,0,0,forwards,0
Mikael Lustig,0,0,defenders,0
Mikel Oyarzabal,0,1,forwards,1
Mikkel Damsgaard,1,2,forwards,3
Milan Ristovski,0,0,midfielders,0
Milan Škriniar,0,1,defenders,1
Mislav Oršic,1,1,midfielders,2
Moussa Sissoko,0,0,midfielders,0
Mykola Matviyenko,0,0,defenders,0
Mykola Shaparenko,0,0,midfielders,0
N'Golo Kanté,0,0,midfielders,0
Nacer Chadli,0,0,midfielders,0
Nathan Aké,1,0,defenders,1
Nathan Patterson,0,0,defenders,0
Neco Williams,0,0,defenders,0
Nemanja Nikolic,0,0,forwards,0
Nico Elvedi,0,0,defenders,0
Nicolai Boilesen,0,0,defenders,0
Nicolò Barella,1,1,midfielders,2
Niklas Süle,0,0,defenders,0
Nikola Vlašic,0,1,midfielders,1
Nikolai Alho,0,0,midfielders,0
Oleksandr Karavaev,1,0,midfielders,1
Oleksandr Zinchenko,1,1,defenders,2
Oleksandr Zubkov,0,0,midfielders,0
Olivier Giroud,0,0,forwards,0
Ondrej Celustka,0,0,defenders,0
Ondrej Duda,0,0,midfielders,0
Ousmane Dembélé,0,0,forwards,0
Owen Wijndal,0,0,defenders,0
Pablo Sarabia,2,2,midfielders,4
Patrick van Aanholt,0,0,defenders,0
Patrik Hrošovský,0,0,midfielders,0
Patrik Schick,0,5,forwards,5
Paul Pogba,1,1,midfielders,2
Paulus Arajuuri,0,0,defenders,0
Pavel Kaderábek,0,0,defenders,0
Pawel Dawidowicz,0,0,midfielders,0
Peter Pekarík,0,0,defenders,0
Petr Ševcík,0,0,midfielders,0
Phil Foden,0,0,midfielders,0
Philipp Lienhart,0,0,defenders,0
Pierre Bengtsson,0,0,defenders,0
Pierre-Emile Højbjerg,3,0,midfielders,3
Piotr Zielinski,1,0,midfielders,1
Presnel Kimpembe,0,0,defenders,0
Przemyslaw Frankowski,1,0,midfielders,1
Przemyslaw Placheta,0,0,midfielders,0
Pyry Soiri,0,0,midfielders,0
Péter Gulácsi,0,0,goalkeepers,0
Quincy Promes,0,0,midfielders,0
Rafael Tolói,1,0,defenders,1
Raheem Sterling,1,3,forwards,4
Raphaël Guerreiro,0,1,defenders,1
Raphaël Varane,0,0,defenders,0
Rasmus Schüller,0,0,midfielders,0
Reece James,0,0,defenders,0
Remo Freuler,1,0,midfielders,1
Ricardo Rodríguez,0,0,defenders,0
Rifat Zhemaletdinov,0,0,midfielders,0
Robert Lewandowski,0,3,forwards,3
Robin Gosens,2,1,defenders,3
Robin Lod,0,0,midfielders,0
Robin Olsen,0,0,goalkeepers,0
Robin Quaison,0,0,midfielders,0
Roland Sallai,2,0,forwards,2
Roland Varga,0,0,midfielders,0
Roman Bezus,0,0,midfielders,0
Roman Yaremchuk,1,2,forwards,3
Roman Zobnin,0,0,midfielders,0
Romelu Lukaku,0,4,forwards,4
Ruben Vargas,0,0,midfielders,0
Ruslan Malinovskyi,1,0,midfielders,1
Ryan Christie,0,0,midfielders,0
Ryan Fraser,0,0,midfielders,0
Ryan Gravenberch,0,0,midfielders,0
Róbert Mak,1,0,forwards,1
Salvatore Sirigu,0,0,goalkeepers,0
Sasa Kalajdzic,0,1,forwards,1
Scott McKenna,0,0,defenders,0
Scott McTominay,0,0,midfielders,0
Sebastian Larsson,0,0,midfielders,0
Serge Gnabry,0,0,midfielders,0
Serhiy Kryvtsov,0,0,defenders,0
Serhiy Sydorchuk,0,0,midfielders,0
Silvan Widmer,0,0,midfielders,0
Simon Kjær,0,0,defenders,0
Stanislav Lobotka,0,0,midfielders,0
Stefan Ilsanker,0,0,midfielders,0
Stefan Lainer,0,1,defenders,1
Stefan Ristovski,0,0,defenders,0
Stefan Spirovski,0,0,midfielders,0
Stefan de Vrij,0,0,defenders,0
Stephen O'Donnell,0,0,defenders,0
Steven Berghuis,0,0,forwards,0
Steven Zuber,4,0,midfielders,4
Stole Dimitrievski,0,0,goalkeepers,0
Stuart Armstrong,0,0,midfielders,0
Szabolcs Schön,0,0,forwards,0
Tamás Cseri,0,0,midfielders,0
Taras Stepanenko,0,0,midfielders,0
Teemu Pukki,0,0,forwards,0
Thibaut Courtois,0,0,goalkeepers,0
Thomas Delaney,0,1,midfielders,1
Thomas Lemar,0,0,midfielders,0
Thomas Meunier,2,1,defenders,3
Thomas Müller,0,0,forwards,0
Thomas Vermaelen,1,0,defenders,1
Thorgan Hazard,0,2,midfielders,2
Tihomir Kostadinov,0,0,midfielders,0
Tim Sparv,0,0,midfielders,0
Timo Werner,0,0,forwards,0
Timothy Castagne,0,0,defenders,0
Toby Alderweireld,0,0,defenders,0
Tomáš Holeš,1,1,defenders,2
Tomáš Hubocan,0,0,defenders,0
Tomáš Kalas,1,0,defenders,1
Tomáš Pekhart,0,0,forwards,0
Tomáš Soucek,0,0,midfielders,0
Tomáš Suslov,0,0,midfielders,0
Tomáš Vaclík,0,0,goalkeepers,0
Toni Kroos,0,0,midfielders,0
Tyler Roberts,0,0,forwards,0
Tymoteusz Puchacz,0,0,defenders,0
Tyrone Mings,0,0,defenders,0
Valentino Lazaro,0,0,midfielders,0
Victor Lindelöf,0,0,defenders,0
Viktor Claesson,0,1,midfielders,1
Viktor Tsygankov,0,0,midfielders,0
Visar Musliu,0,0,defenders,0
Vitaliy Mykolenko,0,0,defenders,0
Vladimír Coufal,2,0,defenders,2
Vladimír Darida,0,0,midfielders,0
Vladimír Weiss,0,0,midfielders,0
Vlatko Stojanovski,0,0,forwards,0
Vyacheslav Karavaev,0,0,defenders,0
Willi Orbán,0,0,defenders,0
Wojciech Szczesny,0,0,goalkeepers,0
Wout Weghorst,0,1,forwards,1
Xaver Schlager,0,0,midfielders,0
Xherdan Shaqiri,1,3,midfielders,4
Yann Sommer,0,0,goalkeepers,0
Yannick Carrasco,0,0,midfielders,0
Yevhen Makarenko,0,0,midfielders,0
Youri Tielemans,0,0,midfielders,0
Yuri Zhirkov,0,0,defenders,0
Yussuf Poulsen,0,2,forwards,2
Ádám Nagy,0,0,midfielders,0
Ádám Szalai,1,1,forwards,2
Álvaro Morata,0,3,forwards,3
Šime Vrsaljko,0,0,defenders,0
